residue_index,q1_normalized,q2_normalized
383,0.0033976773533309023,0.0014296447144877197
384,0.0033813765778323347,0.001773567505257901
385,0.002828870841357191,0.0017812999559182632
386,0.0035338260248607583,0.0022872594935136135
387,0.004267956877499831,0.0025284456027350423
388,0.004776825529908215,0.003493364781011629
389,0.006539995088600285,0.005511629384002067
390,0.007436411975697769,0.0055350179861260364
391,0.008107663532186393,0.005885214793921542
392,0.01183795458334745,0.010620614486893089
393,0.01654791313093087,0.01518848334602995
394,0.019390496952241265,0.016195360551686203
395,0.024534749529459356,0.021415493229165392
396,0.05526626411085693,0.057119352913378406
397,0.06697099073314147,0.06870342404910679
398,0.05967035045396794,0.053679330696848195
399,0.09482783513127116,0.08658781017081775
400,0.21091680948363645,0.20552719116087267
401,0.11499799969039216,0.09479458720310792
402,0.08018017868609366,0.04943937541435731
403,0.11578772784488536,0.06686312310371842
404,0.08473253835740824,0.05178955453425775
405,0.10851115626148886,0.07145319151635213
406,0.214071644056028,0.19826797180633218
407,0.21948709586691217,0.20351581404667352
408,0.1365591923356546,0.11461112767901671
409,0.2789170699834432,0.2718219500130518
410,0.32082109167903994,0.29988350152741733
411,0.6130551376823687,0.6484474946580288
412,0.7382710282050655,0.8117154436946533
413,0.8690206291679325,0.9144200877700865
414,0.9349960165174777,1.0
415,0.8920030537160907,0.8917791846096998
416,0.779403543999968,0.6935408982267339
417,0.6937171588273654,0.5371347226651157
418,0.6253131463869689,0.4160591582954321
419,0.54959972452459,0.31319503977022556
420,0.464352121836255,0.2358937628228289
421,0.39367218731128817,0.17845929506813538
422,0.26627739533776623,0.11158903153552396
423,0.21581423520178666,0.0780799826511222
424,0.16973939580226666,0.05733972540373484
425,0.165607561560764,0.047944120608346706
426,0.1570063258354506,0.04186830853258964
427,0.14419867629533908,0.038845231554979064
428,0.16311091303199357,0.04271150722210719
429,0.22859804654566931,0.05419921335522644
430,0.2996473305669799,0.06725782263135945
431,0.3004838352974818,0.06807192811960185
432,0.2841579070952375,0.06568342628288543
433,0.25597676978196154,0.06243460291658085
434,0.22146333874935012,0.05841353246626848
435,0.19133955362962796,0.05435053115735724
436,0.20387766251043782,0.06116461855102379
437,0.2126415862253848,0.07263515098307176
438,0.21648125829286738,0.0859396300149216
439,0.265374444206164,0.11635894645731933
440,0.2630318167302084,0.13050699205568528
441,0.2494809087121626,0.13787545457070807
442,0.2312736870677236,0.14576293697601014
443,0.2139603185446471,0.15016055130254322
444,0.23352473052649245,0.18198717593334685
445,0.28547319376628316,0.254945830023876
446,0.25524267729665046,0.2622407555051263
447,0.16280340802226384,0.20250717558034034
448,0.1728966840748138,0.19022869718272306
449,0.06683195674515123,0.07235066116822253
450,0.0414487623393651,0.04595021389784758
451,0.017435223222288073,0.018049013292442684
452,0.019824597570807304,0.019787089273595754
453,0.030121905382969175,0.030022477724906512
454,0.052436983896064375,0.05414697002322039
455,0.11536608390303428,0.11617809830898268
456,0.1731598797422281,0.17139358631805557
457,0.08544610796690451,0.08429265725192894
458,0.034369323154565895,0.03439952604963787
459,0.016902449184907083,0.01705588640475899
460,0.010651534225941678,0.010783311904305344
461,0.007672084106769228,0.007884639432975321
462,0.003892419772864173,0.003983851232296644
463,0.00315437002041535,0.0033127361861530623
464,0.001810002633464678,0.0018943767216701099
465,0.0021550269976821352,0.002298358524562508
466,0.002267184423369721,0.0025058196023957586
467,0.003975515579173481,0.004549506580462622
468,0.0037769068724943823,0.004365508954902215
469,0.00659645879887172,0.008052096771230123
470,0.009947749266650178,0.011911343421012363
471,0.007291609607816698,0.008511179990913609
472,0.01013594246225914,0.012299723489610245
473,0.02233842862089637,0.027558705196809214
474,0.02005719056499302,0.0240368931599168
475,0.01544579144037963,0.018584260111264163
476,0.03432117313751959,0.04236725405142702
477,0.05421385634998821,0.06747398474593642
478,0.13564858684894768,0.1662975321178248
479,0.25185669671084215,0.3023609668753241
480,0.553808952641844,0.6458203211356635
481,0.5225787055478073,0.61777374994521
482,0.49316284803924293,0.5862943192911274
483,0.276283387237764,0.34362272412053735
484,0.20486764244432706,0.2543112620789445
485,0.24811364546995704,0.30546887048533744
486,0.28825239962462135,0.34275754966809685
487,0.10745893448433853,0.13203126874691407
488,0.14686997916655412,0.17411970374464453
489,0.18454246168877636,0.22347661674335026
490,0.06804508960806031,0.0842767987834683
491,0.03537160582381006,0.04253771473023807
492,0.03632570601833744,0.04294007823747946
493,0.0164148475071176,0.01869094379735179
494,0.019594731722746016,0.02191951070438752
495,0.021533806796996124,0.02382316906722816
496,0.05055038672280927,0.05534419855176973
497,0.028213200692951357,0.029946179174859193
498,0.030968803004598856,0.03275459024028921
499,0.01479522606800205,0.01583313619716993
500,0.007995387316226586,0.008488828725686178
501,0.0098195093482508,0.010380257591411273
502,0.005345303314248235,0.005630828648747756
503,0.007997812742864345,0.008362920908159968
504,0.0058667069540214705,0.006136327188519799
505,0.00624648256647061,0.006444143286001606
506,0.004053336270533282,0.004141697432530222
507,0.0027349016445798653,0.0027891994814713047
508,0.0021453070333780685,0.0022155594734079697
509,0.0017433133486738212,0.0017975527241488765
510,0.0011862950484552576,0.001210485231308842
511,0.0008192165459121876,0.000841487736338437
512,0.00045278346711918714,0.00046782198302224324
513,0.000390592396328494,0.0004080949946694548
514,0.00020062314909687293,0.00021025590867341414
515,0.00021722177901399795,0.00022577048239652016
516,0.00044894331427214676,0.0004660300833609687
517,0.0003967146419979478,0.0004088247260236263
518,0.00032098436416564736,0.00032719467283690956
519,0.0005170037591746576,0.0005244785631167781
520,0.0004736925228254673,0.0004764229746508347
521,0.0005971460550666774,0.0005952198696553253
522,0.0007825708008866082,0.0007936723641909623
523,0.001011984574831578,0.0010152370306177952
524,0.0006121317720852401,0.0005880059869510539
